subreddit,author,comment_count,avg_comment_score
MachineLearning,FutureIncrease,7,1.14285714285714
MachineLearning,Complex_Medium_7125,4,23.0
MachineLearning,eh-tk,4,2.0
MachineLearning,impatiens-capensis,4,33.25
MachineLearning,sourgrammer,4,5.5
MachineLearning,ganzzahl,3,11.0
MachineLearning,huehue12132,3,14.6666666666667
Python,tsvikas,8,1.75
Python,bemna94,5,6.0
Python,tigert1998,4,1.25
Python,PurepointDog,3,36.0
Python,Witty-Development851,3,3.0
datascience,fark13,6,3.0
datascience,3xil3d_vinyl,4,40.0
datascience,DeepAnalyze,3,2.0
datascience,Helpful_ruben,3,6.0
datascience,Thin_Rip8995,3,7.0
